{
	"network-config": {
		"orderer": {
			"url": "grpc://localhost:7050",
			"server-hostname": "orderer.example.com",
			"tls_cacerts": "../setup/artifacts/crypto-config/ordererOrganizations/example.com/orderers/orderer.example.com/tls/ca.crt"
		},
		"org1": {
			"name": "peerOrg1",
			"mspid": "Org1MSP",
			"ca": "https://localhost:7054",
			"peers": {
				"peer1": {
					"requests": "grpc://localhost:7051",
					"events": "grpc://localhost:7053",
					"server-hostname": "peer0.org1.example.com",
					"tls_cacerts": "../setup/artifacts/crypto-config/peerOrganizations/org1.example.com/peers/peer0.org1.example.com/tls/ca.crt"
				}
			},
			"admin": {
				"key": "../setup/artifacts/crypto-config/peerOrganizations/org1.example.com/users/Admin@org1.example.com/msp/keystore",
				"cert": "../setup/artifacts/crypto-config/peerOrganizations/org1.example.com/users/Admin@org1.example.com/msp/signcerts"
			}
		},
		"org2": {
			"name": "peerOrg2",
			"mspid": "Org2MSP",
			"ca": "https://localhost:8054",
			"peers": {
				"peer1": {
					"requests": "grpc://localhost:8051",
					"events": "grpc://localhost:8053",
					"server-hostname": "peer0.org2.example.com",
					"tls_cacerts": "../setup/artifacts/crypto-config/peerOrganizations/org2.example.com/peers/peer0.org2.example.com/tls/ca.crt"
				}
			},
			"admin": {
				"key": "../setup/artifacts/crypto-config/peerOrganizations/org2.example.com/users/Admin@org2.example.com/msp/keystore",
				"cert": "../setup/artifacts/crypto-config/peerOrganizations/org2.example.com/users/Admin@org2.example.com/msp/signcerts"
			}
		}
	}
}
